,id,user_id,conversation_id,email,message,message_type,part_id,created_at
0,1,4,10065,alexandra.richardson@example.com,Memory support seek ok size. Politics generation traditional break evening player act happy.,open,0,1679498647
1,2,4,10065,robert.flores@example.com,Memory support seek ok size. Politics generation traditional break evening player act happy.,comment,20482598151,1679498651
2,3,4,10065,anthony.callahan@example.com,Both necessary test available. Until continue yeah him alone song clearly now. Eight school loss program.,assignment,20482622915,1679498716
3,4,4,10065,alexandra.richardson@example.com,"Turn important similar arrive. Marriage agree yes lose security very wrong. Focus store truth positive small.
Ever far boy face someone key. Yeah among high response cell.",comment,20482707054,1679498908
4,5,4,10065,anthony.callahan@example.com,"Measure anything production cup explain well. Movement they citizen. Everything task statement much nearly.
Hope happen assume cut sea bring should. Suggest statement concern art.",comment,20482788524,1679499097
5,6,4,10065,alexandra.richardson@example.com,"Rich already rise head then executive. They have two new. Society boy friend particularly value.
Know military center house. Where need others dark rich.",comment,20482911573,1679499376
6,7,4,10065,anthony.callahan@example.com,Officer perform instead yes. Whatever protect senior mind east remain somebody. Our career no seem.,close,20483024353,1679499632
7,8,4,10065,robert.flores@example.com,"Decision north describe majority explain guess. Hope figure attack.
Provide television various bad before want long. Improve television guess your candidate image.",comment,20483029255,1679499644
8,9,4,10065,robert.flores@example.com,"Class occur put spend.
Energy your reveal do move.
Help structure another air bad determine wall. Huge claim stay officer parent give.",conversation_rating_changed,20483134401,1679499892
9,10,7,10106,anita.barron@example.com,Both necessary test available. Until continue yeah him alone song clearly now. Eight school loss program.,open,0,1679513798
10,11,7,10106,robert.flores@example.com,Energy arrive collection heart particularly conference. Close keep seat American level money interest.,comment,20488524403,1679513811
11,12,7,10106,robert.flores@example.com,"Vote evidence nor rate power fund. Stock once much bring movement.
Meeting southern six subject hear spend. Last beyond factor after him rise hear.",comment,20488524667,1679513812
12,13,7,10106,robert.flores@example.com,"These sister today usually continue indicate.
New once figure data. Itself behavior sea right scientist think. Cell wrong hold team politics bad.",comment,20488524817,1679513813
13,14,7,10106,anthony.callahan@example.com,Top meeting wish tonight particularly. One right interview actually child individual member. This teacher brother reason.,assignment,20488537630,1679513853
14,15,7,10106,anita.barron@example.com,Source girl indicate unit beat citizen. Any teach road result although seem. Police stage option feeling speak late occur.,comment,20488561027,1679513925
15,16,7,10106,anthony.callahan@example.com,International let particularly employee four add. Eight future fish yard eat employee look. Energy ever collection.,comment,20488601977,1679514042
16,17,7,10106,anthony.callahan@example.com,"Thousand skin first wonder. Partner may family talk.
Ability result into soon now feel. Operation card table.",comment,20489045610,1679515414
17,18,7,10106,anthony.callahan@example.com,"Tonight know international think store develop. However difference thank police ball law. Expect various into break force kind.
Hot policy history do build. Hold grow result morning page believe.",close,20489050249,1679515429
18,19,7,10106,anita.barron@example.com,"Almost give recognize authority their from. Find radio white begin company can.
Course without close blue while. Thank loss kind last guy.",open,20489780417,1679517883
19,20,7,10106,anthony.callahan@example.com,"Probably day others pick. Effect phone south sport organization.
Mission history activity system cultural.",close,20490019886,1679518748
20,21,7,10106,robert.flores@example.com,"Which really lot. You edge above test grow. Stay today painting.
Read concern tough series food nor. Serve training specific. When drug exactly party. Road me nothing talk help rate get.",comment,20490022994,1679518760
21,22,5,10222,cheryl.johnson@example.com,"Turn important similar arrive. Marriage agree yes lose security very wrong. Focus store truth positive small.
Ever far boy face someone key. Yeah among high response cell.",open,0,1679602052
22,23,5,10222,robert.flores@example.com,"Brother region product according me Republican state through. Hard prepare put man modern art whose.
Within clearly theory allow. Drive under PM nature. It this skill hospital or front.",comment,20513919083,1679602065
23,24,5,10222,anthony.callahan@example.com,"Mr hotel into product.
Expect throughout explain may threat heart account. Short its whole rest.
Head cell increase activity amount. Like me without chance during life.",assignment,20513936985,1679602123
24,25,5,10222,anthony.callahan@example.com,"Hair base hit culture cover the save moment. Spring star themselves art international certain trial.
Follow full both add fund. Off film size popular.",comment,20513956440,1679602187
25,26,5,10222,anthony.callahan@example.com,Mind seven record boy special yard those. Next rather specific find.,comment,20513964158,1679602212
26,27,5,10222,cheryl.johnson@example.com,Together work would make. System worry kitchen seven enough seat quickly challenge. Color almost beyond fire blood gun. Land why value.,comment,20513974182,1679602245
27,28,5,10222,cheryl.johnson@example.com,She often make economic. Indicate see writer. Itself hour nor star security cost line. Consumer month blood policy election example.,comment,20513982172,1679602272
28,29,5,10222,anthony.callahan@example.com,"Road Congress address series lot whole. Prove off very lawyer. Officer work plan series.
Way education ready like continue woman voice. Music course bill long institution season.",comment,20514007455,1679602335
29,30,5,10222,anthony.callahan@example.com,"Defense weight song wide without maintain. Maintain may what letter. Two figure coach child against.
Deal by popular ability. Catch story hair.",close,20514242915,1679603057
30,31,5,10222,robert.flores@example.com,Late drive information. Should organization happy moment. Kitchen resource protect woman order.,comment,20514246644,1679603069
31,32,12,10308,cody.bass@example.com,"Measure anything production cup explain well. Movement they citizen. Everything task statement much nearly.
Hope happen assume cut sea bring should. Suggest statement concern art.",open,0,1679688990
32,33,12,10308,robert.flores@example.com,Here either unit couple any miss. Suffer over they write. Involve act surface even TV build newspaper.,comment,20535914405,1679688994
33,34,12,10308,jeremiah.mills@example.com,Ask and happy choose. Method close light commercial. Operation bit process myself pressure way never history.,note,20535965401,1679689190
34,35,12,10308,jeremiah.mills@example.com,"Practice employee different treatment generation next movie beat. Community thing plant system. Them fund tree sport bad quality.
Soldier kind evening type others note rest. Himself probably hot.",close,20536376173,1679690768
35,36,11,10342,benjamin.smith@example.com,"Rich already rise head then executive. They have two new. Society boy friend particularly value.
Know military center house. Where need others dark rich.",open,0,1679865951
36,37,11,10342,robert.flores@example.com,"Whose song research shoulder right model. Raise current this new. Because politics PM senior herself billion. Little threat cost mind well challenge.
Budget your role knowledge.",comment,20563554937,1679865955
37,38,11,10342,benjamin.smith@example.com,"Really event wind civil around behind. Shoulder investment part dinner ready car owner.
Fish five head bit daughter court.",comment,20563561538,1679866007
38,39,11,10342,benjamin.smith@example.com,Beyond fine magazine carry deal this recently. Support down collection seem. Never civil moment movie analysis hundred. Whether difference try while center.,comment,20563569522,1679866073
39,40,11,10342,anthony.callahan@example.com,"Memory by appear bank prove. Magazine worker light possible. Find choice alone grow.
Already voice break base figure student medical.",close,20574725191,1679921791
40,41,2,10350,maria.reed@example.com,Energy arrive collection heart particularly conference. Close keep seat American level money interest.,open,0,1679875562
41,42,2,10350,robert.flores@example.com,"Wrong early recognize use require. Gun set sport month green. Skin trade rock involve break federal best memory.
Recently against information safe throughout less audience. Outside himself drive.",comment,20564650135,1679875565
42,43,2,10350,anthony.callahan@example.com,College help decade ok produce that. Against blue card attention hard.,assignment,20575391473,1679923272
43,44,2,10350,anthony.callahan@example.com,"Better however possible trouble source. List behind line either.
Might save plan night former camera whatever. Stuff pressure mention necessary development best learn door.",close,20575392042,1679923273
44,45,2,10350,robert.flores@example.com,"Sort blood child. Congress specific though course me amount.
Discuss from born possible. Environmental number building sort population mean couple. Friend turn event. Expert significant relate voice.",comment,20575397136,1679923285
45,46,0,10404,anthony.callahan@example.com,"Vote evidence nor rate power fund. Stock once much bring movement.
Meeting southern six subject hear spend. Last beyond factor after him rise hear.",open,0,1679941011
46,47,0,10404,robert.flores@example.com,"Benefit analysis author month Mr fear series coach. Teach organization economic someone.
Value kitchen turn commercial kind at father character. Weight of forget choose.",message_assignment,20583530125,1679941011
47,48,0,10404,douglas.roman@example.com,"Example some try simple. Technology question lead imagine between art.
Clearly make TV star for. Ask pattern majority few speak.",comment,20583530143,1679941011
48,49,0,10404,robert.flores@example.com,Sound result seven. Build law but expert lay. Modern federal six rule investment clearly significant.,comment,20583531497,1679941015
49,50,0,10404,anthony.callahan@example.com,"Physical entire system lose military arrive trouble we. Rich somebody read quickly lot include. Idea trade whether full economic.
Environmental spring yet star force. Mean science value nice.",close,20599536125,1680008556
50,51,1,100120,carla.clark@example.com,Officer perform instead yes. Whatever protect senior mind east remain somebody. Our career no seem.,open,0,1725885557
51,52,1,100120,robert.flores@example.com,Try lawyer organization. Now policy page throughout its born. Partner since toward cause pull voice instead.,comment,21904985727,1725885558
52,53,1,100120,robert.flores@example.com,"Station source partner. Consumer beat ahead thank nation subject.
Deal rock city nor hand every season. Stuff up training. Development wonder arm join approach note each.",comment,21904985728,1725885559
53,54,1,100120,robert.flores@example.com,"Purpose really respond mother wish education water none.
Meet general major.
However nor add box ready bring. True article message may peace world. System candidate nation too show art.",comment,21904985729,1725885560
54,55,1,100120,robert.flores@example.com,Hour indeed board than participant. Security well drug business. Agree kind person tree me.,comment,21904985730,1725885562
55,56,1,100120,anthony.callahan@example.com,"Energy practice campaign lay indicate. Late successful every dream they full citizen. Coach eye parent.
Suddenly recent score edge central somebody activity. Game account street who.",assignment,21904985734,1725885584
56,57,1,100120,anthony.callahan@example.com,Chair according institution those direction marriage. Sport outside floor new wear for. Painting both remember movie strong win remember career.,comment,21904985735,1725885619
57,58,1,100120,carla.clark@example.com,Discover southern second beyond. Member in stage finish letter right. Police right nor almost former night.,comment,21904985736,1725885731
58,59,1,100120,anthony.callahan@example.com,"Crime office material claim. Best plan cut attack draw conference. Example third thank it make.
Company identify kitchen bag program go. Beat TV speak me become course listen.",comment,21904985737,1725885810
59,60,1,100120,carla.clark@example.com,"Road lot design nation least lead.
All important line rest character event answer husband. Require when world open imagine.
Each as administration rich. Move indicate above cut focus.",comment,21904985738,1725885900
60,61,1,100120,carla.clark@example.com,Rather green impact in special news scene. Reality receive drop despite place animal compare. Region couple black conference may nice rule.,comment,21904985739,1725885924
61,62,1,100120,anthony.callahan@example.com,"Watch protect rather card. Maintain future listen cultural return service rest.
Join surface popular ago effect positive. Break recognize center wife worker. Half tonight specific recently add least.",comment,21904985740,1725885997
62,63,1,100120,carla.clark@example.com,Vote for why road thing everybody. Spend act his gas say hotel issue. Degree that economic include reach board job.,comment,21904985741,1725886045
63,64,1,100120,anthony.callahan@example.com,"Nice newspaper big open either nice place. Their third story address.
Professor bad record item yeah station paper. Table husband world to learn when wish. Behavior left item mother pass low gas.",comment,21904985742,1725886058
64,65,1,100120,carla.clark@example.com,Agent nice receive. None real social end successful. Anyone also figure myself fall consider.,comment,21904985743,1725886072
65,66,1,100120,anthony.callahan@example.com,Main film American full the think. Adult individual camera rest.,comment,21904985744,1725886094
66,67,1,100120,carla.clark@example.com,Will election leader age course parent. She training evidence bed series Mrs. Democrat cut chair particular though environmental minute up.,comment,21904985745,1725886111
67,68,1,100120,anthony.callahan@example.com,"Stay this kitchen deal. Rock happen off Mrs. Phone attorney police pick become form.
Exist even nice game half approach. Half need foot she sign also weight ok.",comment,21904985746,1725886126
68,69,1,100120,anthony.callahan@example.com,"Common might task land almost western. Computer foot doctor win author. Never network because capital break.
Clearly both hot security. Not notice force of.",close,21904985747,1725886127
69,70,3,102013,ashley.nelson@example.com,"Decision north describe majority explain guess. Hope figure attack.
Provide television various bad before want long. Improve television guess your candidate image.",open,0,1726167821
70,71,3,102013,robert.flores@example.com,"On country structure everybody often avoid. Same decade successful argue debate.
Painting game first front. Soon affect nice hundred same.",comment,21904986642,1726167823
71,72,3,102013,robert.flores@example.com,"Three standard house eight. Your go wish.
Partner election send.
Billion instead per source turn factor. Class single white argue threat. Home loss decide trial.",comment,21904986643,1726167823
72,73,3,102013,robert.flores@example.com,"Political stand allow attorney surface. Bag deal ok.
Social hospital about pretty. Cell if fight notice far throw rate eat.",assignment,21904986644,1726167826
73,74,3,102013,robert.flores@example.com,"Stand bit couple rock. Finally service trial mention. Sometimes leg view final beat. Adult good describe.
Enter employee by carry manage. Owner evidence brother new social development speak.",comment,21904986645,1726167826
74,75,3,102013,anthony.callahan@example.com,"Base floor run test. Value recognize field former school.
Room collection easy television and thing have. Rich usually difference feeling. First radio loss usually time.",assignment,21904986647,1726167854
75,76,3,102013,anthony.callahan@example.com,"Lead able outside large special tell yes guess. Green through dog which my share. Song though voice. Oil any raise value after style way.
Pull simply drive put. Him move daughter fight pick.",comment,21904986656,1726167946
76,77,3,102013,anthony.callahan@example.com,"Product help four whom continue war for tell. Skill prevent college defense record. One when remain day born.
Produce oil fund many might turn foot.",comment,21904986657,1726167973
77,78,3,102013,ashley.nelson@example.com,"Let answer range accept. Walk address author level high attack.
Against manage physical lay only. Feel allow type collection despite could. Voice hot bad.",comment,21904986658,1726167997
78,79,3,102013,anthony.callahan@example.com,Relationship effort give window couple simply. Degree carry by particular region. Court herself dog could clear travel blood old.,comment,21904986659,1726168042
79,80,3,102013,anthony.callahan@example.com,"Seat light learn understand use. Exactly some can human generation leave according. Whole natural shoulder focus spring receive common.
Cost sign bed dog create difficult item.",close,21904986660,1726168043
80,81,3,102013,robert.flores@example.com,"Decision medical most tonight. Personal form record school major commercial. Lose she week scientist.
Story try tell Mr federal low across. Treatment be expert describe.",comment,21904986661,1726168055
81,82,3,102013,robert.flores@example.com,"Sort east guess drop. Movement church happy carry require. Evening play bad itself simple.
Program ever board yourself. Need skill group public.",conversation_rating_changed,21904986663,1726168061
82,83,10,102837,teresa.mitchell@example.com,"Class occur put spend.
Energy your reveal do move.
Help structure another air bad determine wall. Huge claim stay officer parent give.",open,0,1726447265
83,84,10,102837,robert.flores@example.com,"Nice start suggest will. Shake third to let. Plan open mean away house return significant.
Mind parent model hair discuss effect. Draw live great official property hour most gun.",comment,21904986903,1726447266
84,85,10,102837,robert.flores@example.com,"Often certainly dog artist film discussion old budget. Still inside brother lay. Early small move clearly participant still.
Develop person generation indeed child party half.",comment,21904986904,1726447266
85,86,10,102837,robert.flores@example.com,Low central then design would. Real throughout return choose then product business.,comment,21904986905,1726447269
86,87,10,102837,anthony.callahan@example.com,"Material expert parent heavy receive boy.
Trip mouth clear mission check resource. Enough everyone without thing above face. Show bag business either enter. Song finish window word her.",assignment,21904986927,1726491270
87,88,10,102837,anthony.callahan@example.com,"Center memory upon sure deal cause color. Focus pass no lose only poor.
Open land need maybe feel pay. Wall section business defense out form.
Century beyond take left clear sit.",close,21904986928,1726491271
88,89,10,102837,robert.flores@example.com,"Understand try eat people natural door many. Move open response phone. Agreement nature rule direction.
Professional writer nice at. You include receive.",comment,21904986929,1726491283
89,90,10,102837,robert.flores@example.com,"Interest member firm reflect understand only run. Peace easy environmental pull war from full. Event establish wear current interesting.
Yet among peace any road money. Point may set life involve.",conversation_rating_changed,21904986984,1726494839
90,91,10,102837,teresa.mitchell@example.com,Have candidate campaign area skill news no behind. National accept plan education feel. Believe create contain fill old call evening.,open,21904986991,1726494982
91,92,10,102837,anthony.callahan@example.com,Play oil focus whole place yeah. Worry list bit way. Power station fish light seven sure former what.,comment,21904986992,1726495021
92,93,10,102837,anthony.callahan@example.com,Bag certain between air week subject answer parent. Sometimes question take than no rate. Affect though represent apply control be house. Human speak board my cold necessary general.,close,21904986994,1726495022
93,94,10,102837,teresa.mitchell@example.com,When boy reason enjoy region choose career. Individual receive half his huge man positive century. Along word force major week hand.,open,21904986998,1726495252
94,95,10,102837,anthony.callahan@example.com,"Class those anyone at relationship thought. Share table stop little value can. Write professor chance represent likely eight range could.
Much agree most right. Dark project choose all.",close,21904986999,1726495262
